,CleanRL PPO,openai/baselines PPO2
HalfCheetah-v2,18.792243483543395,19.597361111111113
Hopper-v2,17.375953840593017,20.599027777777778
Walker2d-v2,16.99087091235488,20.950694444444444
