,Pareto Q-Learning,MultiPolicy MO Q-Learning,MultiPolicy MO Q-Learning (OLS)
deep-sea-treasure-v0,2.4855593304943158,6.764990382161799,7.1882591698969796
deep-sea-treasure-concave-v0,2.0312072165807087,6.9551214909655945,6.344577207474146
